<?xml version="1.0" encoding="UTF-8"?>
<metadata xml:lang="en"><Esri><CreaDate>20240913</CreaDate><CreaTime>12592500</CreaTime><ArcGISFormat>1.0</ArcGISFormat><SyncOnce>FALSE</SyncOnce><DataProperties><itemProps><itemName Sync="TRUE">GLOBAL_ADM0</itemName><imsContentType Sync="TRUE">002</imsContentType><itemSize Sync="TRUE">0.000</itemSize><itemLocation><linkage Sync="TRUE">file://\\LAPTOP-RQPPGNDH\D$\MyGitHub\rbridge\data\shapefiles\GLOBAL_ADM0\GLOBAL_ADM0.shp</linkage><protocol Sync="TRUE">Local Area Network</protocol></itemLocation></itemProps><coordRef><type Sync="TRUE">Geographic</type><geogcsn Sync="TRUE">GCS_WGS_1984</geogcsn><csUnits Sync="TRUE">Angular Unit: Degree (0.017453)</csUnits><peXml Sync="TRUE">&lt;GeographicCoordinateSystem xsi:type='typens:GeographicCoordinateSystem' xmlns:xsi='http://www.w3.org/2001/XMLSchema-instance' xmlns:xs='http://www.w3.org/2001/XMLSchema' xmlns:typens='http://www.esri.com/schemas/ArcGIS/3.4.0'&gt;&lt;WKT&gt;GEOGCS[&amp;quot;GCS_WGS_1984&amp;quot;,DATUM[&amp;quot;D_WGS_1984&amp;quot;,SPHEROID[&amp;quot;WGS_1984&amp;quot;,6378137.0,298.257223563]],PRIMEM[&amp;quot;Greenwich&amp;quot;,0.0],UNIT[&amp;quot;Degree&amp;quot;,0.0174532925199433],AUTHORITY[&amp;quot;EPSG&amp;quot;,4326]]&lt;/WKT&gt;&lt;XOrigin&gt;-400&lt;/XOrigin&gt;&lt;YOrigin&gt;-400&lt;/YOrigin&gt;&lt;XYScale&gt;11258999068426.238&lt;/XYScale&gt;&lt;ZOrigin&gt;-100000&lt;/ZOrigin&gt;&lt;ZScale&gt;10000&lt;/ZScale&gt;&lt;MOrigin&gt;-100000&lt;/MOrigin&gt;&lt;MScale&gt;10000&lt;/MScale&gt;&lt;XYTolerance&gt;8.983152841195215e-09&lt;/XYTolerance&gt;&lt;ZTolerance&gt;0.001&lt;/ZTolerance&gt;&lt;MTolerance&gt;0.001&lt;/MTolerance&gt;&lt;HighPrecision&gt;true&lt;/HighPrecision&gt;&lt;LeftLongitude&gt;-180&lt;/LeftLongitude&gt;&lt;WKID&gt;4326&lt;/WKID&gt;&lt;LatestWKID&gt;4326&lt;/LatestWKID&gt;&lt;/GeographicCoordinateSystem&gt;</peXml></coordRef><lineage><Process ToolSource="c:\program files\arcgis\pro\Resources\ArcToolbox\toolboxes\Conversion Tools.tbx\ExportFeatures" Date="20250620" Time="040614">ExportFeatures GLOBAL_ADM0 D:\MyGitHub\rbridge\data\shapefiles\GLOBAL_ADM0\GLOBAL_ADM0.shp # NOT_USE_ALIAS "WHO_REGION "WHO_REGION" true true false 10 Text 0 0,First,#,GLOBAL_ADM0,WHO_REGION,0,9;ISO_2_CODE "ISO_2_CODE" true true false 2 Text 0 0,First,#,GLOBAL_ADM0,ISO_2_CODE,0,1;ADM0_NAME "ADM0_NAME" true true false 60 Text 0 0,First,#,GLOBAL_ADM0,ADM0_NAME,0,59;ADM0_CODE "ADM0_CODE" true true false 20 Text 0 0,First,#,GLOBAL_ADM0,ADM0_CODE,0,19;STARTDATE "STARTDATE" true true false 8 Date 0 0,First,#,GLOBAL_ADM0,STARTDATE,-1,-1;ENDDATE "ENDDATE" true true false 8 Date 0 0,First,#,GLOBAL_ADM0,ENDDATE,-1,-1;GUID "GUID" true true false 38 Text 0 0,First,#,GLOBAL_ADM0,GUID,0,37;ISO_3_CODE "ISO_3_CODE" true true false 3 Text 0 0,First,#,GLOBAL_ADM0,ISO_3_CODE,0,2;WHO_CODE "WHO_CODE" true true false 3 Text 0 0,First,#,GLOBAL_ADM0,WHO_CODE,0,2;ADM0_SOVRN "ADM0_SOVRN" true true false 60 Text 0 0,First,#,GLOBAL_ADM0,ADM0_SOVRN,0,59;ADM0_ALTID "ADM0_ALTID" true true false 30 Text 0 0,First,#,GLOBAL_ADM0,ADM0_ALTID,0,29;LVL "LVL" true true false 5 Long 0 5,First,#,GLOBAL_ADM0,LVL,-1,-1;WHO_STATUS "WHO_STATUS" true true false 30 Text 0 0,First,#,GLOBAL_ADM0,WHO_STATUS,0,29;UN_CODE "UN_CODE" true true false 10 Long 0 10,First,#,GLOBAL_ADM0,UN_CODE,-1,-1;UNICEF_REG "UNICEF_REG" true true false 10 Text 0 0,First,#,GLOBAL_ADM0,UNICEF_REG,0,9;CENTER_LON "CENTER_LON" true true false 19 Double 0 0,First,#,GLOBAL_ADM0,CENTER_LON,-1,-1;CENTER_LAT "CENTER_LAT" true true false 19 Double 0 0,First,#,GLOBAL_ADM0,CENTER_LAT,-1,-1;GlobalID "GlobalID" true true false 38 Text 0 0,First,#,GLOBAL_ADM0,GlobalID,0,37;NOTES "NOTES" true true false 254 Text 0 0,First,#,GLOBAL_ADM0,NOTES,0,253;ADM0_VIZ_N "ADM0_VIZ_N" true true false 254 Text 0 0,First,#,GLOBAL_ADM0,ADM0_VIZ_N,0,253;ARABIC "ARABIC" true true false 254 Text 0 0,First,#,GLOBAL_ADM0,ARABIC,0,253;SPANISH "SPANISH" true true false 254 Text 0 0,First,#,GLOBAL_ADM0,SPANISH,0,253;FRENCH "FRENCH" true true false 254 Text 0 0,First,#,GLOBAL_ADM0,FRENCH,0,253;RUSSIAN "RUSSIAN" true true false 254 Text 0 0,First,#,GLOBAL_ADM0,RUSSIAN,0,253;CHINESE "CHINESE" true true false 254 Text 0 0,First,#,GLOBAL_ADM0,CHINESE,0,253;WORLD_BANK "WORLD_BANK" true true false 50 Text 0 0,First,#,GLOBAL_ADM0,WORLD_BANK,0,49;WORLD_BA_1 "WORLD_BA_1" true true false 50 Text 0 0,First,#,GLOBAL_ADM0,WORLD_BA_1,0,49;PLACE_ID "PLACE_ID" true true false 38 Text 0 0,First,#,GLOBAL_ADM0,PLACE_ID,0,37;WORLD_CONT "WORLD_CONT" true true false 50 Text 0 0,First,#,GLOBAL_ADM0,WORLD_CONT,0,49;ADM0_SHAPE "ADM0_SHAPE" true true false 38 Text 0 0,First,#,GLOBAL_ADM0,ADM0_SHAPE,0,37;ADM0_PCODE "ADM0_PCODE" true true false 20 Text 0 0,First,#,GLOBAL_ADM0,ADM0_PCODE,0,19;CODE "CODE" true true false 3 Text 0 0,First,#,GLOBAL_ADM0,CODE,0,2" #</Process></lineage></DataProperties><SyncDate>20250620</SyncDate><SyncTime>04061400</SyncTime><ModDate>20250620</ModDate><ModTime>04061400</ModTime></Esri><dataIdInfo><envirDesc Sync="FALSE">Esri ArcGIS 13.0.3.36057</envirDesc><dataLang><languageCode value="fra" Sync="TRUE"/><countryCode value="FRA" Sync="TRUE"/></dataLang><idCitation><resTitle Sync="TRUE">GLOBAL_ADM0</resTitle><presForm><PresFormCd value="005" Sync="TRUE"/></presForm></idCitation><spatRpType><SpatRepTypCd value="001" Sync="TRUE"/></spatRpType></dataIdInfo><mdLang><languageCode value="fra" Sync="TRUE"/><countryCode value="FRA" Sync="TRUE"/></mdLang><distInfo><distFormat><formatName Sync="TRUE">Shapefile</formatName></distFormat><distTranOps><transSize Sync="TRUE">0.000</transSize></distTranOps></distInfo><mdHrLv><ScopeCd value="005" Sync="TRUE"/></mdHrLv><mdHrLvName Sync="TRUE">dataset</mdHrLvName><refSysInfo><RefSystem><refSysID><identCode code="4326" Sync="TRUE"/><idCodeSpace Sync="TRUE">EPSG</idCodeSpace><idVersion Sync="TRUE">6.2(3.0.1)</idVersion></refSysID></RefSystem></refSysInfo><spatRepInfo><VectSpatRep><geometObjs Name="GLOBAL_ADM0"><geoObjTyp><GeoObjTypCd value="002" Sync="TRUE"></GeoObjTypCd></geoObjTyp><geoObjCnt Sync="TRUE">0</geoObjCnt></geometObjs><topLvl><TopoLevCd value="001" Sync="TRUE"></TopoLevCd></topLvl></VectSpatRep></spatRepInfo><spdoinfo><ptvctinf><esriterm Name="GLOBAL_ADM0"><efeatyp Sync="TRUE">Simple</efeatyp><efeageom code="4" Sync="TRUE"></efeageom><esritopo Sync="TRUE">FALSE</esritopo><efeacnt Sync="TRUE">0</efeacnt><spindex Sync="TRUE">FALSE</spindex><linrefer Sync="TRUE">FALSE</linrefer></esriterm></ptvctinf></spdoinfo><eainfo><detailed Name="GLOBAL_ADM0"><enttyp><enttypl Sync="TRUE">GLOBAL_ADM0</enttypl><enttypt Sync="TRUE">Feature Class</enttypt><enttypc Sync="TRUE">0</enttypc></enttyp><attr><attrlabl Sync="TRUE">FID</attrlabl><attalias Sync="TRUE">FID</attalias><attrtype Sync="TRUE">OID</attrtype><attwidth Sync="TRUE">4</attwidth><atprecis Sync="TRUE">0</atprecis><attscale Sync="TRUE">0</attscale><attrdef Sync="TRUE">Internal feature number.</attrdef><attrdefs Sync="TRUE">Esri</attrdefs><attrdomv><udom Sync="TRUE">Sequential unique whole numbers that are automatically generated.</udom></attrdomv></attr><attr><attrlabl Sync="TRUE">Shape</attrlabl><attalias Sync="TRUE">Shape</attalias><attrtype Sync="TRUE">Geometry</attrtype><attwidth Sync="TRUE">0</attwidth><atprecis Sync="TRUE">0</atprecis><attscale Sync="TRUE">0</attscale><attrdef Sync="TRUE">Feature geometry.</attrdef><attrdefs Sync="TRUE">Esri</attrdefs><attrdomv><udom Sync="TRUE">Coordinates defining the features.</udom></attrdomv></attr><attr><attrlabl Sync="TRUE">WHO_REGION</attrlabl><attalias Sync="TRUE">WHO_REGION</attalias><attrtype Sync="TRUE">String</attrtype><attwidth Sync="TRUE">10</attwidth><atprecis Sync="TRUE">0</atprecis><attscale Sync="TRUE">0</attscale></attr><attr><attrlabl Sync="TRUE">ISO_2_CODE</attrlabl><attalias Sync="TRUE">ISO_2_CODE</attalias><attrtype Sync="TRUE">String</attrtype><attwidth Sync="TRUE">2</attwidth><atprecis Sync="TRUE">0</atprecis><attscale Sync="TRUE">0</attscale></attr><attr><attrlabl Sync="TRUE">ADM0_NAME</attrlabl><attalias Sync="TRUE">ADM0_NAME</attalias><attrtype Sync="TRUE">String</attrtype><attwidth Sync="TRUE">60</attwidth><atprecis Sync="TRUE">0</atprecis><attscale Sync="TRUE">0</attscale></attr><attr><attrlabl Sync="TRUE">ADM0_CODE</attrlabl><attalias Sync="TRUE">ADM0_CODE</attalias><attrtype Sync="TRUE">String</attrtype><attwidth Sync="TRUE">20</attwidth><atprecis Sync="TRUE">0</atprecis><attscale Sync="TRUE">0</attscale></attr><attr><attrlabl Sync="TRUE">STARTDATE</attrlabl><attalias Sync="TRUE">STARTDATE</attalias><attrtype Sync="TRUE">Date</attrtype><attwidth Sync="TRUE">8</attwidth><atprecis Sync="TRUE">0</atprecis><attscale Sync="TRUE">0</attscale></attr><attr><attrlabl Sync="TRUE">ENDDATE</attrlabl><attalias Sync="TRUE">ENDDATE</attalias><attrtype Sync="TRUE">Date</attrtype><attwidth Sync="TRUE">8</attwidth><atprecis Sync="TRUE">0</atprecis><attscale Sync="TRUE">0</attscale></attr><attr><attrlabl Sync="TRUE">GUID</attrlabl><attalias Sync="TRUE">GUID</attalias><attrtype Sync="TRUE">String</attrtype><attwidth Sync="TRUE">38</attwidth><atprecis Sync="TRUE">0</atprecis><attscale Sync="TRUE">0</attscale></attr><attr><attrlabl Sync="TRUE">ISO_3_CODE</attrlabl><attalias Sync="TRUE">ISO_3_CODE</attalias><attrtype Sync="TRUE">String</attrtype><attwidth Sync="TRUE">3</attwidth><atprecis Sync="TRUE">0</atprecis><attscale Sync="TRUE">0</attscale></attr><attr><attrlabl Sync="TRUE">WHO_CODE</attrlabl><attalias Sync="TRUE">WHO_CODE</attalias><attrtype Sync="TRUE">String</attrtype><attwidth Sync="TRUE">3</attwidth><atprecis Sync="TRUE">0</atprecis><attscale Sync="TRUE">0</attscale></attr><attr><attrlabl Sync="TRUE">ADM0_SOVRN</attrlabl><attalias Sync="TRUE">ADM0_SOVRN</attalias><attrtype Sync="TRUE">String</attrtype><attwidth Sync="TRUE">60</attwidth><atprecis Sync="TRUE">0</atprecis><attscale Sync="TRUE">0</attscale></attr><attr><attrlabl Sync="TRUE">ADM0_ALTID</attrlabl><attalias Sync="TRUE">ADM0_ALTID</attalias><attrtype Sync="TRUE">String</attrtype><attwidth Sync="TRUE">30</attwidth><atprecis Sync="TRUE">0</atprecis><attscale Sync="TRUE">0</attscale></attr><attr><attrlabl Sync="TRUE">LVL</attrlabl><attalias Sync="TRUE">LVL</attalias><attrtype Sync="TRUE">Integer</attrtype><attwidth Sync="TRUE">5</attwidth><atprecis Sync="TRUE">5</atprecis><attscale Sync="TRUE">0</attscale></attr><attr><attrlabl Sync="TRUE">WHO_STATUS</attrlabl><attalias Sync="TRUE">WHO_STATUS</attalias><attrtype Sync="TRUE">String</attrtype><attwidth Sync="TRUE">30</attwidth><atprecis Sync="TRUE">0</atprecis><attscale Sync="TRUE">0</attscale></attr><attr><attrlabl Sync="TRUE">UN_CODE</attrlabl><attalias Sync="TRUE">UN_CODE</attalias><attrtype Sync="TRUE">Integer</attrtype><attwidth Sync="TRUE">10</attwidth><atprecis Sync="TRUE">10</atprecis><attscale Sync="TRUE">0</attscale></attr><attr><attrlabl Sync="TRUE">UNICEF_REG</attrlabl><attalias Sync="TRUE">UNICEF_REG</attalias><attrtype Sync="TRUE">String</attrtype><attwidth Sync="TRUE">10</attwidth><atprecis Sync="TRUE">0</atprecis><attscale Sync="TRUE">0</attscale></attr><attr><attrlabl Sync="TRUE">CENTER_LON</attrlabl><attalias Sync="TRUE">CENTER_LON</attalias><attrtype Sync="TRUE">Double</attrtype><attwidth Sync="TRUE">19</attwidth><atprecis Sync="TRUE">0</atprecis><attscale Sync="TRUE">0</attscale></attr><attr><attrlabl Sync="TRUE">CENTER_LAT</attrlabl><attalias Sync="TRUE">CENTER_LAT</attalias><attrtype Sync="TRUE">Double</attrtype><attwidth Sync="TRUE">19</attwidth><atprecis Sync="TRUE">0</atprecis><attscale Sync="TRUE">0</attscale></attr><attr><attrlabl Sync="TRUE">GlobalID</attrlabl><attalias Sync="TRUE">GlobalID</attalias><attrtype Sync="TRUE">String</attrtype><attwidth Sync="TRUE">38</attwidth><atprecis Sync="TRUE">0</atprecis><attscale Sync="TRUE">0</attscale></attr><attr><attrlabl Sync="TRUE">NOTES</attrlabl><attalias Sync="TRUE">NOTES</attalias><attrtype Sync="TRUE">String</attrtype><attwidth Sync="TRUE">254</attwidth><atprecis Sync="TRUE">0</atprecis><attscale Sync="TRUE">0</attscale></attr><attr><attrlabl Sync="TRUE">ADM0_VIZ_N</attrlabl><attalias Sync="TRUE">ADM0_VIZ_N</attalias><attrtype Sync="TRUE">String</attrtype><attwidth Sync="TRUE">254</attwidth><atprecis Sync="TRUE">0</atprecis><attscale Sync="TRUE">0</attscale></attr><attr><attrlabl Sync="TRUE">ARABIC</attrlabl><attalias Sync="TRUE">ARABIC</attalias><attrtype Sync="TRUE">String</attrtype><attwidth Sync="TRUE">254</attwidth><atprecis Sync="TRUE">0</atprecis><attscale Sync="TRUE">0</attscale></attr><attr><attrlabl Sync="TRUE">SPANISH</attrlabl><attalias Sync="TRUE">SPANISH</attalias><attrtype Sync="TRUE">String</attrtype><attwidth Sync="TRUE">254</attwidth><atprecis Sync="TRUE">0</atprecis><attscale Sync="TRUE">0</attscale></attr><attr><attrlabl Sync="TRUE">FRENCH</attrlabl><attalias Sync="TRUE">FRENCH</attalias><attrtype Sync="TRUE">String</attrtype><attwidth Sync="TRUE">254</attwidth><atprecis Sync="TRUE">0</atprecis><attscale Sync="TRUE">0</attscale></attr><attr><attrlabl Sync="TRUE">RUSSIAN</attrlabl><attalias Sync="TRUE">RUSSIAN</attalias><attrtype Sync="TRUE">String</attrtype><attwidth Sync="TRUE">254</attwidth><atprecis Sync="TRUE">0</atprecis><attscale Sync="TRUE">0</attscale></attr><attr><attrlabl Sync="TRUE">CHINESE</attrlabl><attalias Sync="TRUE">CHINESE</attalias><attrtype Sync="TRUE">String</attrtype><attwidth Sync="TRUE">254</attwidth><atprecis Sync="TRUE">0</atprecis><attscale Sync="TRUE">0</attscale></attr><attr><attrlabl Sync="TRUE">WORLD_BANK</attrlabl><attalias Sync="TRUE">WORLD_BANK</attalias><attrtype Sync="TRUE">String</attrtype><attwidth Sync="TRUE">50</attwidth><atprecis Sync="TRUE">0</atprecis><attscale Sync="TRUE">0</attscale></attr><attr><attrlabl Sync="TRUE">WORLD_BA_1</attrlabl><attalias Sync="TRUE">WORLD_BA_1</attalias><attrtype Sync="TRUE">String</attrtype><attwidth Sync="TRUE">50</attwidth><atprecis Sync="TRUE">0</atprecis><attscale Sync="TRUE">0</attscale></attr><attr><attrlabl Sync="TRUE">PLACE_ID</attrlabl><attalias Sync="TRUE">PLACE_ID</attalias><attrtype Sync="TRUE">String</attrtype><attwidth Sync="TRUE">38</attwidth><atprecis Sync="TRUE">0</atprecis><attscale Sync="TRUE">0</attscale></attr><attr><attrlabl Sync="TRUE">WORLD_CONT</attrlabl><attalias Sync="TRUE">WORLD_CONT</attalias><attrtype Sync="TRUE">String</attrtype><attwidth Sync="TRUE">50</attwidth><atprecis Sync="TRUE">0</atprecis><attscale Sync="TRUE">0</attscale></attr><attr><attrlabl Sync="TRUE">ADM0_SHAPE</attrlabl><attalias Sync="TRUE">ADM0_SHAPE</attalias><attrtype Sync="TRUE">String</attrtype><attwidth Sync="TRUE">38</attwidth><atprecis Sync="TRUE">0</atprecis><attscale Sync="TRUE">0</attscale></attr><attr><attrlabl Sync="TRUE">ADM0_PCODE</attrlabl><attalias Sync="TRUE">ADM0_PCODE</attalias><attrtype Sync="TRUE">String</attrtype><attwidth Sync="TRUE">20</attwidth><atprecis Sync="TRUE">0</atprecis><attscale Sync="TRUE">0</attscale></attr><attr><attrlabl Sync="TRUE">CODE</attrlabl><attalias Sync="TRUE">CODE</attalias><attrtype Sync="TRUE">String</attrtype><attwidth Sync="TRUE">3</attwidth><atprecis Sync="TRUE">0</atprecis><attscale Sync="TRUE">0</attscale></attr></detailed></eainfo><mdDateSt Sync="TRUE">20250620</mdDateSt><mdChar><CharSetCd value="004" Sync="TRUE"></CharSetCd></mdChar></metadata>
