<metadata xml:lang="en"><Esri><CreaDate>20201024</CreaDate><CreaTime>22530700</CreaTime><SyncOnce>FALSE</SyncOnce><SyncDate>20250620</SyncDate><SyncTime>06491400</SyncTime><ModDate>20250620</ModDate><ModTime>06491400</ModTime><DataProperties><lineage><Process ToolSource="D:\Program Files\arcgis\ArcToolbox\Toolboxes\Data Management Tools.tbx\CopyFeatures" Date="20090714" Time="102921">CopyFeatures "L:\Groups\HealthMap\GrpData\Project files\__ProjectTemplates\Legal_shapefiles\maskpoly08_detailed.shp" "Database Connections\Connection to GVA1SWJUNO (2).sde\GISGlobal.GATLAS.maskpoly08_detailed" # 0 0 0</Process><Process ToolSource="C:\Program Files\ArcGIS\ArcToolbox\Toolboxes\Conversion Tools.tbx\FeatureClassToFeatureClass" Date="20090804" Time="160919">FeatureClassToFeatureClass "Database Connections\Connection to gva1swjuno.sde\GISGlobal.GATLAS.GISGLOBAL_GATLAS_DISPUTEDAREAS" "Database Connections\Connection to gva1swjuno.sde\GISGlobal.GATLAS.LegalApprovedLayers" DISPUTEDAREAS # "ID 'ID' true true false 8 Double 0 11 ,First,#,Database Connections\Connection to gva1swjuno.sde\GISGlobal.GATLAS.GISGLOBAL_GATLAS_DISPUTEDAREAS,ID,-1,-1;NAME 'NAME' true true false 20 Text 0 0 ,First,#,Database Connections\Connection to gva1swjuno.sde\GISGlobal.GATLAS.GISGLOBAL_GATLAS_DISPUTEDAREAS,NAME,-1,-1;AREA_ 'AREA_' true true false 8 Double 3 18 ,First,#,Database Connections\Connection to gva1swjuno.sde\GISGlobal.GATLAS.GISGLOBAL_GATLAS_DISPUTEDAREAS,AREA_,-1,-1;PERIMETER 'PERIMETER' true true false 8 Double 3 18 ,First,#,Database Connections\Connection to gva1swjuno.sde\GISGlobal.GATLAS.GISGLOBAL_GATLAS_DISPUTEDAREAS,PERIMETER,-1,-1;HECTARES 'HECTARES' true true false 8 Double 3 18 ,First,#,Database Connections\Connection to gva1swjuno.sde\GISGlobal.GATLAS.GISGLOBAL_GATLAS_DISPUTEDAREAS,HECTARES,-1,-1;Shape_area 'Shape_area' false false true 0 Double 0 0 ,First,#,Database Connections\Connection to gva1swjuno.sde\GISGlobal.GATLAS.GISGLOBAL_GATLAS_DISPUTEDAREAS,Shape.area,-1,-1;Shape_len 'Shape_len' false false true 0 Double 0 0 ,First,#,Database Connections\Connection to gva1swjuno.sde\GISGlobal.GATLAS.GISGLOBAL_GATLAS_DISPUTEDAREAS,Shape.len,-1,-1" # "Database Connections\Connection to gva1swjuno.sde\GISGlobal.GATLAS.LegalApprovedLayers\GISGlobal.GATLAS.DISPUTEDAREAS"</Process><Process ToolSource="D:\Program Files\ArcGIS\Desktop10.0\ArcToolbox\Toolboxes\Data Management Tools.tbx\CopyFeatures" Date="20110511" Time="102716">CopyFeatures \\gva1swhyman\ARCGIS_STAGING_GIS\webapps\ith\ith.gdb\disputedareas \\gva1swhyman\ARCGIS_STAGING_GIS\globaldb\gisglobal.gdb\disputedareas # 0 0 0</Process><Process ToolSource="D:\Program Files\ArcGIS\Desktop10.0\ArcToolbox\Toolboxes\Conversion Tools.tbx\FeatureClassToFeatureClass" Date="20111010" Time="151054">FeatureClassToFeatureClass \\gva1swhyman\ARCGIS_STAGING_GIS\globaldb\gisglobal.gdb\disputedareas D:\Countries\SouthSudan maskpoly11_detailed.shp # "ID "ID" true true false 8 Double 0 0 ,First,#,\\gva1swhyman\ARCGIS_STAGING_GIS\globaldb\gisglobal.gdb\disputedareas,ID,-1,-1;NAME "NAME" true true false 20 Text 0 0 ,First,#,\\gva1swhyman\ARCGIS_STAGING_GIS\globaldb\gisglobal.gdb\disputedareas,NAME,-1,-1;AREA_ "AREA_" true true false 8 Double 0 0 ,First,#,\\gva1swhyman\ARCGIS_STAGING_GIS\globaldb\gisglobal.gdb\disputedareas,AREA_,-1,-1;PERIMETER "PERIMETER" true true false 8 Double 0 0 ,First,#,\\gva1swhyman\ARCGIS_STAGING_GIS\globaldb\gisglobal.gdb\disputedareas,PERIMETER,-1,-1;HECTARES "HECTARES" true true false 8 Double 0 0 ,First,#,\\gva1swhyman\ARCGIS_STAGING_GIS\globaldb\gisglobal.gdb\disputedareas,HECTARES,-1,-1;Shape_Leng "Shape_Length" false true true 8 Double 0 0 ,First,#,\\gva1swhyman\ARCGIS_STAGING_GIS\globaldb\gisglobal.gdb\disputedareas,Shape_Length,-1,-1;Shape_Area "Shape_Area" false true true 8 Double 0 0 ,First,#,\\gva1swhyman\ARCGIS_STAGING_GIS\globaldb\gisglobal.gdb\disputedareas,Shape_Area,-1,-1" #</Process><Process ToolSource="C:\Program Files\ArcGIS\Desktop10.0\ArcToolbox\Toolboxes\Conversion Tools.tbx\FeatureClassToFeatureClass" Date="20120210" Time="150337">FeatureClassToFeatureClass K:\Docs\_DATA_WARE\VPD_DATAWARE\Application_and_Data\Polio_data_management\GeographicData\3.MergedData\WHO_legal_detailVersion\maskpoly_detailed_2011.shp "M:\SSDB202 - Polio.sde\GEODB_STAGING.GEODB_POLIO.Polio" poly # "ID "ID" true true false 19 Double 0 0 ,First,#,K:\Docs\_DATA_WARE\VPD_DATAWARE\Application_and_Data\Polio_data_management\GeographicData\3.MergedData\WHO_legal_detailVersion\maskpoly_detailed_2011.shp,ID,-1,-1;NAME "NAME" true true false 20 Text 0 0 ,First,#,K:\Docs\_DATA_WARE\VPD_DATAWARE\Application_and_Data\Polio_data_management\GeographicData\3.MergedData\WHO_legal_detailVersion\maskpoly_detailed_2011.shp,NAME,-1,-1;AREA_ "AREA_" true true false 19 Double 0 0 ,First,#,K:\Docs\_DATA_WARE\VPD_DATAWARE\Application_and_Data\Polio_data_management\GeographicData\3.MergedData\WHO_legal_detailVersion\maskpoly_detailed_2011.shp,AREA_,-1,-1;PERIMETER "PERIMETER" true true false 19 Double 0 0 ,First,#,K:\Docs\_DATA_WARE\VPD_DATAWARE\Application_and_Data\Polio_data_management\GeographicData\3.MergedData\WHO_legal_detailVersion\maskpoly_detailed_2011.shp,PERIMETER,-1,-1;HECTARES "HECTARES" true true false 19 Double 0 0 ,First,#,K:\Docs\_DATA_WARE\VPD_DATAWARE\Application_and_Data\Polio_data_management\GeographicData\3.MergedData\WHO_legal_detailVersion\maskpoly_detailed_2011.shp,HECTARES,-1,-1;Shape_Leng "Shape_Leng" true true false 19 Double 0 0 ,First,#,K:\Docs\_DATA_WARE\VPD_DATAWARE\Application_and_Data\Polio_data_management\GeographicData\3.MergedData\WHO_legal_detailVersion\maskpoly_detailed_2011.shp,Shape_Leng,-1,-1;Shape_Area "Shape_Area" true true false 19 Double 0 0 ,First,#,K:\Docs\_DATA_WARE\VPD_DATAWARE\Application_and_Data\Polio_data_management\GeographicData\3.MergedData\WHO_legal_detailVersion\maskpoly_detailed_2011.shp,Shape_Area,-1,-1" #</Process><Process ToolSource="C:\Program Files\ArcGIS\Desktop10.0\ArcToolbox\Toolboxes\Data Management Tools.tbx\CalculateField" Date="20120224" Time="081402">CalculateField DisputedAreas StartDate 2000-01-01 VB #</Process><Process ToolSource="C:\Program Files\ArcGIS\Desktop10.0\ArcToolbox\Toolboxes\Data Management Tools.tbx\CalculateField" Date="20120224" Time="081426">CalculateField DisputedAreas StartDate 01-01-2000 VB #</Process><Process ToolSource="d:\desktop10.5\ArcToolbox\Toolboxes\Data Management Tools.tbx\DeleteFeatures" Date="20160815" Time="120914">DeleteFeatures "Database Connections\Connection to ssdb207 (2).sde/GEODB.GEODB_BOUNDS.DISPUTED_AREAS"</Process><Process ToolSource="d:\desktop10.5\ArcToolbox\Toolboxes\Data Management Tools.tbx\Append" Date="20160815" Time="120924">Append 'Database Connections\Connection to ssdb202 (bounds).sde/GEODB.GEODB_BOUNDS.DISPUTED_AREAS' "Database Connections\Connection to ssdb207 (2).sde/GEODB.GEODB_BOUNDS.DISPUTED_AREAS" NO_TEST "NAME "NAME" true true false 20 Text 0 0 ,First,#,Database Connections\Connection to ssdb202 (bounds).sde/GEODB.GEODB_BOUNDS.DISPUTED_AREAS,NAME,-1,-1;EndDate "EndDate" true true false 8 Date 0 0 ,First,#,Database Connections\Connection to ssdb202 (bounds).sde/GEODB.GEODB_BOUNDS.DISPUTED_AREAS,EndDate,-1,-1;StartDate "StartDate" true true false 8 Date 0 0 ,First,#,Database Connections\Connection to ssdb202 (bounds).sde/GEODB.GEODB_BOUNDS.DISPUTED_AREAS,StartDate,-1,-1;Shape.STArea() "Shape.STArea()" false false true 0 Double 0 0 ,First,#,Database Connections\Connection to ssdb202 (bounds).sde/GEODB.GEODB_BOUNDS.DISPUTED_AREAS,Shape.STArea(),-1,-1;Shape.STLength() "Shape.STLength()" false false true 0 Double 0 0 ,First,#,Database Connections\Connection to ssdb202 (bounds).sde/GEODB.GEODB_BOUNDS.DISPUTED_AREAS,Shape.STLength(),-1,-1" #</Process><Process ToolSource="d:\arcgis10_5\desktop10.5\ArcToolbox\Toolboxes\Data Management Tools.tbx\DeleteFeatures" Date="20161202" Time="163549">DeleteFeatures "Database Connections\Production207.sde/GEODB.GEODB_BOUNDS.DISPUTED_AREAS"</Process><Process ToolSource="d:\arcgis10_5\desktop10.5\ArcToolbox\Toolboxes\Data Management Tools.tbx\DeleteFeatures" Date="20161202" Time="163850">DeleteFeatures "Database Connections\Production207.sde/GEODB.GEODB_BOUNDS.DISPUTED_AREAS"</Process><Process ToolSource="d:\arcgis10_5\desktop10.5\ArcToolbox\Toolboxes\Data Management Tools.tbx\DeleteFeatures" Date="20161202" Time="164025">DeleteFeatures "Database Connections\Production207.sde/GEODB.GEODB_BOUNDS.DISPUTED_AREAS"</Process><Process ToolSource="d:\arcgis10_5\desktop10.5\ArcToolbox\Toolboxes\Data Management Tools.tbx\Append" Date="20161202" Time="164031">Append 'Database Connections\Staging202.sde/GEODB.GEODB_BOUNDS.DISPUTED_AREAS' "Database Connections\Production207.sde/GEODB.GEODB_BOUNDS.DISPUTED_AREAS" NO_TEST "NAME "NAME" true true false 20 Text 0 0 ,First,#,Database Connections\Staging202.sde/GEODB.GEODB_BOUNDS.DISPUTED_AREAS,NAME,-1,-1;EndDate "EndDate" true true false 8 Date 0 0 ,First,#,Database Connections\Staging202.sde/GEODB.GEODB_BOUNDS.DISPUTED_AREAS,EndDate,-1,-1;StartDate "StartDate" true true false 8 Date 0 0 ,First,#,Database Connections\Staging202.sde/GEODB.GEODB_BOUNDS.DISPUTED_AREAS,StartDate,-1,-1;Shape.STArea() "Shape.STArea()" false false true 0 Double 0 0 ,First,#,Database Connections\Staging202.sde/GEODB.GEODB_BOUNDS.DISPUTED_AREAS,Shape.STArea(),-1,-1;Shape.STLength() "Shape.STLength()" false false true 0 Double 0 0 ,First,#,Database Connections\Staging202.sde/GEODB.GEODB_BOUNDS.DISPUTED_AREAS,Shape.STLength(),-1,-1" #</Process><Process ToolSource="d:\arcgis10_5\desktop10.5\ArcToolbox\Toolboxes\Data Management Tools.tbx\DeleteFeatures" Date="20170127" Time="151910">DeleteFeatures "Database Connections\Production207.sde/GEODB.GEODB_BOUNDS.DISPUTED_AREAS"</Process><Process ToolSource="d:\arcgis10_5\desktop10.5\ArcToolbox\Toolboxes\Data Management Tools.tbx\Append" Date="20170127" Time="151918">Append 'Database Connections\Staging202.sde/GEODB.GEODB_BOUNDS.DISPUTED_AREAS' "Database Connections\Production207.sde/GEODB.GEODB_BOUNDS.DISPUTED_AREAS" NO_TEST "NAME "NAME" true true false 20 Text 0 0 ,First,#,Database Connections\Staging202.sde/GEODB.GEODB_BOUNDS.DISPUTED_AREAS,NAME,-1,-1;EndDate "EndDate" true true false 8 Date 0 0 ,First,#,Database Connections\Staging202.sde/GEODB.GEODB_BOUNDS.DISPUTED_AREAS,EndDate,-1,-1;StartDate "StartDate" true true false 8 Date 0 0 ,First,#,Database Connections\Staging202.sde/GEODB.GEODB_BOUNDS.DISPUTED_AREAS,StartDate,-1,-1;Shape.STArea() "Shape.STArea()" false false true 0 Double 0 0 ,First,#,Database Connections\Staging202.sde/GEODB.GEODB_BOUNDS.DISPUTED_AREAS,Shape.STArea(),-1,-1;Shape.STLength() "Shape.STLength()" false false true 0 Double 0 0 ,First,#,Database Connections\Staging202.sde/GEODB.GEODB_BOUNDS.DISPUTED_AREAS,Shape.STLength(),-1,-1" #</Process><Process ToolSource="c:\program files (x86)\arcgis\desktop10.5\ArcToolbox\Toolboxes\Data Management Tools.tbx\DeleteRows" Date="20180628" Time="110147">DeleteRows "Database Connections\Connection to SSDB207.sde\GEODB.GEODB_BOUNDS.WHO_POLIO_ADMINISTRATIVE_BOUNDARIES\GEODB.GEODB_BOUNDS.DISPUTED_AREAS"</Process><Process ToolSource="c:\program files\arcgis\pro\Resources\ArcToolbox\toolboxes\Conversion Tools.tbx\FeatureClassToFeatureClass" Date="20211108" Time="074024">FeatureClassToFeatureClass Disputed_areas "C:\GS Docs\PjtGS\exercise\genomic\map\mapSources\GeoDataBase\GSWAC_DB.gdb" Disputed_areas # "OBJECTID "OBJECTID" true true false 10 Long 0 10,First,#,Disputed_areas,OBJECTID,-1,-1;NAME "NAME" true true false 20 Text 0 0,First,#,Disputed_areas,NAME,0,20;EndDate "EndDate" true true false 8 Date 0 0,First,#,Disputed_areas,EndDate,-1,-1;StartDate "StartDate" true true false 8 Date 0 0,First,#,Disputed_areas,StartDate,-1,-1;Shape_STAr "Shape_STAr" true true false 19 Double 0 0,First,#,Disputed_areas,Shape_STAr,-1,-1;Shape_STLe "Shape_STLe" true true false 19 Double 0 0,First,#,Disputed_areas,Shape_STLe,-1,-1" #</Process><Process ToolSource="c:\program files\arcgis\pro\Resources\ArcToolbox\toolboxes\Conversion Tools.tbx\ExportFeatures" Date="20250620" Time="064915">ExportFeatures Disputed_areas D:\MyGitHub\rbridge\data\shapefiles\GLOBAL_ADM0_Revised\Disputed_areas.shp # NOT_USE_ALIAS "OBJECTID "OBJECTID" true true false 4 Long 0 0,First,#,Disputed_areas,OBJECTID,-1,-1;NAME "NAME" true true false 20 Text 0 0,First,#,Disputed_areas,NAME,0,19;EndDate "EndDate" true true false 8 Date 0 0,First,#,Disputed_areas,EndDate,-1,-1;StartDate "StartDate" true true false 8 Date 0 0,First,#,Disputed_areas,StartDate,-1,-1;Shape_STAr "Shape_STAr" true true false 8 Double 0 0,First,#,Disputed_areas,Shape_STAr,-1,-1;Shape_STLe "Shape_STLe" true true false 8 Double 0 0,First,#,Disputed_areas,Shape_STLe,-1,-1;Shape_Length "Shape_Length" false true true 8 Double 0 0,First,#,Disputed_areas,Shape_Length,-1,-1;Shape_Area "Shape_Area" false true true 8 Double 0 0,First,#,Disputed_areas,Shape_Area,-1,-1" #</Process></lineage><itemProps><itemLocation><linkage Sync="TRUE">file://\\LAPTOP-RQPPGNDH\D$\MyGitHub\rbridge\data\shapefiles\GLOBAL_ADM0_Revised\Disputed_areas.shp</linkage><protocol Sync="TRUE">Local Area Network</protocol></itemLocation><itemName Sync="TRUE">Disputed_areas</itemName><imsContentType Sync="TRUE">002</imsContentType><itemSize Sync="TRUE">0.000</itemSize><nativeExtBox><westBL Sync="TRUE">-92.110000</westBL><eastBL Sync="TRUE">80.388596</eastBL><southBL Sync="TRUE">-16.606264</southBL><northBL Sync="TRUE">49.010827</northBL><exTypeCode Sync="TRUE">1</exTypeCode></nativeExtBox></itemProps><coordRef><type Sync="TRUE">Geographic</type><geogcsn Sync="TRUE">GCS_WGS_1984</geogcsn><peXml Sync="TRUE">&lt;GeographicCoordinateSystem xsi:type='typens:GeographicCoordinateSystem' xmlns:xsi='http://www.w3.org/2001/XMLSchema-instance' xmlns:xs='http://www.w3.org/2001/XMLSchema' xmlns:typens='http://www.esri.com/schemas/ArcGIS/3.4.0'&gt;&lt;WKT&gt;GEOGCS[&amp;quot;GCS_WGS_1984&amp;quot;,DATUM[&amp;quot;D_WGS_1984&amp;quot;,SPHEROID[&amp;quot;WGS_1984&amp;quot;,6378137.0,298.257223563]],PRIMEM[&amp;quot;Greenwich&amp;quot;,0.0],UNIT[&amp;quot;Degree&amp;quot;,0.0174532925199433],AUTHORITY[&amp;quot;EPSG&amp;quot;,4326]],VERTCS[&amp;quot;WGS_1984&amp;quot;,DATUM[&amp;quot;D_WGS_1984&amp;quot;,SPHEROID[&amp;quot;WGS_1984&amp;quot;,6378137.0,298.257223563]],PARAMETER[&amp;quot;Vertical_Shift&amp;quot;,0.0],PARAMETER[&amp;quot;Direction&amp;quot;,1.0],UNIT[&amp;quot;Meter&amp;quot;,1.0],AUTHORITY[&amp;quot;Esri&amp;quot;,115700]]&lt;/WKT&gt;&lt;XOrigin&gt;-400&lt;/XOrigin&gt;&lt;YOrigin&gt;-400&lt;/YOrigin&gt;&lt;XYScale&gt;11258999068426.238&lt;/XYScale&gt;&lt;ZOrigin&gt;-100000&lt;/ZOrigin&gt;&lt;ZScale&gt;10000&lt;/ZScale&gt;&lt;MOrigin&gt;-100000&lt;/MOrigin&gt;&lt;MScale&gt;10000&lt;/MScale&gt;&lt;XYTolerance&gt;8.983152841195215e-09&lt;/XYTolerance&gt;&lt;ZTolerance&gt;0.001&lt;/ZTolerance&gt;&lt;MTolerance&gt;0.001&lt;/MTolerance&gt;&lt;HighPrecision&gt;true&lt;/HighPrecision&gt;&lt;LeftLongitude&gt;-180&lt;/LeftLongitude&gt;&lt;WKID&gt;4326&lt;/WKID&gt;&lt;LatestWKID&gt;4326&lt;/LatestWKID&gt;&lt;VCSWKID&gt;115700&lt;/VCSWKID&gt;&lt;LatestVCSWKID&gt;115700&lt;/LatestVCSWKID&gt;&lt;/GeographicCoordinateSystem&gt;</peXml><csUnits Sync="TRUE">Angular Unit: Degree (0.017453)</csUnits></coordRef><copyHistory><copy source="L:\Groups\HealthMap\GrpData\Project files\__ProjectTemplates\Detailed version\2011\maskpoly_detailed_2011" dest="\\hq.intra.who.int\shares\Secure\Groups\HealthMap\GrpData\Project files\__ProjectTemplates\Detailed version\2011\Shapefiles\maskpoly_detailed_2011" date="20111116" time="16461900"/></copyHistory></DataProperties><ArcGISFormat>1.0</ArcGISFormat><ArcGISstyle>FGDC CSDGM Metadata</ArcGISstyle></Esri><idinfo><native Sync="TRUE">Microsoft Windows XP Version 5.1 (Build 2600) Service Pack 2; ESRI ArcCatalog 9.3.0.1770</native><descript><langdata Sync="TRUE">en</langdata><abstract>REQUIRED: A brief narrative summary of the data set.</abstract><purpose>REQUIRED: A summary of the intentions with which the data set was developed.</purpose></descript><citation><citeinfo><origin>REQUIRED: The name of an organization or individual that developed the data set.</origin><pubdate>REQUIRED: The date when the data set is published or otherwise made available for release.</pubdate><title Sync="TRUE">GISGlobal.GATLAS.DISPUTEDAREAS</title><ftname Sync="TRUE">GISGlobal.GATLAS.DISPUTEDAREAS</ftname><geoform Sync="TRUE">vector digital data</geoform><onlink Sync="TRUE">Server=gva1swjuno; Service=5151; Database=GISGlobal; User=gatlas; Version=sde.DEFAULT</onlink></citeinfo></citation><timeperd><current>REQUIRED: The basis on which the time period of content information is determined.</current><timeinfo><sngdate><caldate>REQUIRED: The year (and optionally month, or month and day) for which the data set corresponds to the ground.</caldate></sngdate></timeinfo></timeperd><status><progress>REQUIRED: The state of the data set.</progress><update>REQUIRED: The frequency with which changes and additions are made to the data set after the initial data set is completed.</update></status><spdom><bounding><westbc Sync="TRUE">REQUIRED: Western-most coordinate of the limit of coverage expressed in longitude.</westbc><eastbc Sync="TRUE">REQUIRED: Eastern-most coordinate of the limit of coverage expressed in longitude.</eastbc><northbc Sync="TRUE">REQUIRED: Northern-most coordinate of the limit of coverage expressed in latitude.</northbc><southbc Sync="TRUE">REQUIRED: Southern-most coordinate of the limit of coverage expressed in latitude.</southbc></bounding></spdom><keywords><theme><themekt>REQUIRED: Reference to a formally registered thesaurus or a similar authoritative source of theme keywords.</themekt><themekey>REQUIRED: Common-use word or phrase used to describe the subject of the data set.</themekey></theme></keywords><accconst>REQUIRED: Restrictions and legal prerequisites for accessing the data set.</accconst><useconst>REQUIRED: Restrictions and legal prerequisites for using the data set after access is granted.</useconst><natvform Sync="TRUE">SDE Feature Class</natvform></idinfo><dataIdInfo><envirDesc Sync="TRUE">Microsoft Windows 10 Version 10.0 (Build 19045) ; Esri ArcGIS 13.4.0.55405</envirDesc><dataLang><languageCode Sync="TRUE" value="fra" country="GB"/><countryCode value="FRA" Sync="TRUE"/></dataLang><idCitation><resTitle Sync="TRUE">Disputed_areas</resTitle><presForm><PresFormCd Sync="TRUE" value="005"/></presForm></idCitation><spatRpType><SpatRepTypCd Sync="TRUE" value="001"/></spatRpType><descKeys><thesaName uuidref="723f6998-058e-11dc-8314-0800200c9a66"/><keyword Sync="TRUE">002</keyword></descKeys><dataExt><geoEle><GeoBndBox esriExtentType="search"><exTypeCode Sync="TRUE">1</exTypeCode><westBL Sync="TRUE">-92.110000</westBL><eastBL Sync="TRUE">80.388596</eastBL><northBL Sync="TRUE">49.010827</northBL><southBL Sync="TRUE">-16.606264</southBL></GeoBndBox></geoEle></dataExt></dataIdInfo><metainfo><langmeta Sync="TRUE">en</langmeta><metstdn Sync="TRUE">FGDC Content Standards for Digital Geospatial Metadata</metstdn><metstdv Sync="TRUE">FGDC-STD-001-1998</metstdv><mettc Sync="TRUE">local time</mettc><metc><cntinfo><cntorgp><cntper>REQUIRED: The person responsible for the metadata information.</cntper><cntorg>REQUIRED: The organization responsible for the metadata information.</cntorg></cntorgp><cntaddr><addrtype>REQUIRED: The mailing and/or physical address for the organization or individual.</addrtype><city>REQUIRED: The city of the address.</city><state>REQUIRED: The state or province of the address.</state><postal>REQUIRED: The ZIP or other postal code of the address.</postal></cntaddr><cntvoice>REQUIRED: The telephone number by which individuals can speak to the organization or individual.</cntvoice></cntinfo></metc><metd Sync="TRUE">20090804</metd></metainfo><mdLang><languageCode Sync="TRUE" value="fra"/><countryCode value="FRA" Sync="TRUE"/></mdLang><mdStanName Sync="TRUE">ISO 19115 Geographic Information - Metadata</mdStanName><mdStanVer Sync="TRUE">DIS_ESRI1.0</mdStanVer><mdChar><CharSetCd Sync="TRUE" value="004"/></mdChar><mdHrLv><ScopeCd Sync="TRUE" value="005"/></mdHrLv><mdHrLvName Sync="TRUE">dataset</mdHrLvName><distinfo><resdesc Sync="TRUE">Downloadable Data</resdesc></distinfo><distInfo><distributor><distorTran><onLineSrc><orDesc Sync="TRUE">002</orDesc><linkage Sync="TRUE">Server=gva1swjuno; Service=5151; Database=GISGlobal; User=gatlas; Version=sde.DEFAULT</linkage><protocol Sync="TRUE">ArcSDE Connection</protocol></onLineSrc></distorTran><distorFormat><formatName Sync="TRUE">SDE Feature Class</formatName></distorFormat></distributor><distFormat><formatName Sync="TRUE">Shapefile</formatName></distFormat><distTranOps><transSize Sync="TRUE">0.000</transSize></distTranOps></distInfo><spdoinfo><direct Sync="TRUE">Vector</direct><ptvctinf><esriterm Name="Disputed_areas"><efeatyp Sync="TRUE">Simple</efeatyp><efeageom code="4" Sync="TRUE"></efeageom><esritopo Sync="TRUE">FALSE</esritopo><efeacnt Sync="TRUE">0</efeacnt><spindex Sync="TRUE">FALSE</spindex><linrefer Sync="TRUE">FALSE</linrefer></esriterm></ptvctinf></spdoinfo><spref><horizsys><cordsysn><geogcsn Sync="TRUE">GCS_WGS_1984</geogcsn></cordsysn><geograph><geogunit Sync="TRUE">Decimal degrees</geogunit><latres Sync="TRUE">0.000000</latres><longres Sync="TRUE">0.000000</longres></geograph><geodetic><horizdn Sync="TRUE">D_WGS_1984</horizdn><ellips Sync="TRUE">WGS_1984</ellips><semiaxis Sync="TRUE">6378137.000000</semiaxis><denflat Sync="TRUE">298.257224</denflat></geodetic></horizsys><vertdef><altsys><altenc Sync="TRUE">Explicit elevation coordinate included with horizontal coordinates</altenc><altres Sync="TRUE">1.000000</altres></altsys></vertdef></spref><refSysInfo><RefSystem><refSysID><identCode Sync="TRUE" code="4326">GCS_WGS_1984</identCode><idCodeSpace Sync="TRUE">EPSG</idCodeSpace><idVersion Sync="TRUE">6.2(3.0.1)</idVersion></refSysID></RefSystem></refSysInfo><spatRepInfo><VectSpatRep><geometObjs Name="Disputed_areas"><geoObjTyp><GeoObjTypCd value="002" Sync="TRUE"></GeoObjTypCd></geoObjTyp><geoObjCnt Sync="TRUE">0</geoObjCnt></geometObjs><topLvl><TopoLevCd value="001" Sync="TRUE"></TopoLevCd></topLvl></VectSpatRep></spatRepInfo><eainfo><detailed Name="Disputed_areas"><enttyp><enttypl Sync="TRUE">Disputed_areas</enttypl><enttypt Sync="TRUE">Feature Class</enttypt><enttypc Sync="TRUE">0</enttypc></enttyp><attr><attrlabl Sync="TRUE">FID</attrlabl><attalias Sync="TRUE">FID</attalias><attrtype Sync="TRUE">OID</attrtype><attwidth Sync="TRUE">4</attwidth><atprecis Sync="TRUE">0</atprecis><attscale Sync="TRUE">0</attscale><attrdef Sync="TRUE">Internal feature number.</attrdef><attrdefs Sync="TRUE">Esri</attrdefs><attrdomv><udom Sync="TRUE">Sequential unique whole numbers that are automatically generated.</udom></attrdomv></attr><attr><attrlabl Sync="TRUE">OBJECTID_1</attrlabl><attalias Sync="TRUE">OBJECTID_1</attalias><attrtype Sync="TRUE">Integer</attrtype><attwidth Sync="TRUE">10</attwidth><atprecis Sync="TRUE">10</atprecis><attscale Sync="TRUE">0</attscale><attrdef Sync="TRUE">Internal feature number.</attrdef><attrdefs Sync="TRUE">Esri</attrdefs><attrdomv><udom Sync="TRUE">Sequential unique whole numbers that are automatically generated.</udom></attrdomv></attr><attr><attrlabl Sync="TRUE">NAME</attrlabl><attalias Sync="TRUE">NAME</attalias><attrtype Sync="TRUE">String</attrtype><attwidth Sync="TRUE">20</attwidth><atprecis Sync="TRUE">0</atprecis><attscale Sync="TRUE">0</attscale></attr><attr><attrlabl Sync="TRUE">EndDate</attrlabl><attalias Sync="TRUE">EndDate</attalias><attrtype Sync="TRUE">Date</attrtype><attwidth Sync="TRUE">8</attwidth><atprecis Sync="TRUE">0</atprecis><attscale Sync="TRUE">0</attscale></attr><attr><attrlabl Sync="TRUE">StartDate</attrlabl><attalias Sync="TRUE">StartDate</attalias><attrtype Sync="TRUE">Date</attrtype><attwidth Sync="TRUE">8</attwidth><atprecis Sync="TRUE">0</atprecis><attscale Sync="TRUE">0</attscale></attr><attr><attrlabl Sync="TRUE">Shape</attrlabl><attalias Sync="TRUE">Shape</attalias><attrtype Sync="TRUE">Geometry</attrtype><attwidth Sync="TRUE">0</attwidth><atprecis Sync="TRUE">0</atprecis><attscale Sync="TRUE">0</attscale><attrdef Sync="TRUE">Feature geometry.</attrdef><attrdefs Sync="TRUE">ESRI</attrdefs><attrdomv><udom Sync="TRUE">Coordinates defining the features.</udom></attrdomv></attr><attr><attrlabl Sync="TRUE">Shape_STAr</attrlabl><attalias Sync="TRUE">Shape_STAr</attalias><attrtype Sync="TRUE">Double</attrtype><attwidth Sync="TRUE">19</attwidth><atprecis Sync="TRUE">0</atprecis><attscale Sync="TRUE">0</attscale></attr><attr><attrlabl Sync="TRUE">Shape_STLe</attrlabl><attalias Sync="TRUE">Shape_STLe</attalias><attrtype Sync="TRUE">Double</attrtype><attwidth Sync="TRUE">19</attwidth><atprecis Sync="TRUE">0</atprecis><attscale Sync="TRUE">0</attscale></attr><attr><attrlabl Sync="TRUE">Shape_Leng</attrlabl><attalias Sync="TRUE">Shape_Leng</attalias><attrtype Sync="TRUE">Double</attrtype><attwidth Sync="TRUE">19</attwidth><atprecis Sync="TRUE">0</atprecis><attscale Sync="TRUE">0</attscale></attr><attr><attrlabl Sync="TRUE">Shape_Area</attrlabl><attalias Sync="TRUE">Shape_Area</attalias><attrtype Sync="TRUE">Double</attrtype><attwidth Sync="TRUE">19</attwidth><atprecis Sync="TRUE">0</atprecis><attscale Sync="TRUE">0</attscale><attrdef Sync="TRUE">Area of feature in internal units squared.</attrdef><attrdefs Sync="TRUE">Esri</attrdefs><attrdomv><udom Sync="TRUE">Positive real numbers that are automatically generated.</udom></attrdomv></attr></detailed></eainfo><mdDateSt Sync="TRUE">20250620</mdDateSt></metadata>
